{
  "controller/BaseController-dbg.js": 1657126032444,
  "controller/ErrorHandler.js": 1657126032444,
  "utils/locate-reuse-libs.js": 1657126032436,
  "model/models.js": 1657126032436,
  "model/formatter.js": 1657126032452,
  "controller/Worklist.controller.js": 1657126032448,
  "controller/Object.controller.js": 1657126032448,
  "controller/NotFound.controller.js": 1657126032448,
  "manifest.json": 1657253413338,
  "controller/BaseController.js": 1657126032444,
  "controller/App.controller.js": 1657126032444,
  "Component.js": 1657126032428,
  "manifest-bundle.zip": 1657253413348,
  "Component-preload.js": 1657253413671,
  "i18n/i18n.properties": 1657126032432,
  "model/models-dbg.js": 1657126032436,
  "model/formatter-dbg.js": 1657126032452,
  "controller/Worklist-dbg.controller.js": 1657126032448,
  "controller/Object-dbg.controller.js": 1657126032448,
  "controller/NotFound-dbg.controller.js": 1657126032448,
  "controller/ErrorHandler-dbg.js": 1657126032444,
  "utils/locate-reuse-libs-dbg.js": 1657126032436,
  "controller/App-dbg.controller.js": 1657126032444,
  "Component-dbg.js": 1657126032428,
  "view/Worklist.view.xml": 1657126507825,
  "view/ObjectNotFound.view.xml": 1657126032456,
  "view/Object.view.xml": 1657126726524,
  "view/NotFound.view.xml": 1657126032456,
  "view/App.view.xml": 1657126032452,
  "index.html": 1657126032428
}